ID,prh_start,prh_stop,prh_fps,lunge_quality,sonar_exp,total_lunges,deployment-time_secs,Index,TagOn,TagOff,dayhours,dayhourslunges,nighthours,nighthourslunges,twilightzone,twilightzonelunges,prey,whaleLength,Study_Area,deployment-time_h,SpeciesCode
mn170808-42,2320,141756,10,ok,none,19,13943.6,155,2321,141757,0,0,7.746444443240762,20,0,0,Anchovies,8.22 m,SoCal,3.8732222222222226,mn
mn170809-43,2415,75907,10,good,none,13,7349.2,158,2416,75908,0,0,4.082888888195157,13,0,0,Anchovies,10.2 m,SoCal,2.0414444444444446,mn
bp150619-3a,2235,8854,10,good,none,4,661.9,18,2236,8855,0.18406250048428774,4,0,0,0,0,SandLance,NA,Stellwagen,0.18386111111111111,bp
bw140819-3b,10573,20532,10,good,none,7,995.9,39,10574,20533,0.2768194433301687,10,0,0,0,0,Krill,NA,San Diego,0.2766388888888889,bw
mn140716-4,2982,18384,10,ok,none,3,1540.2,100,2983,18385,0.4278333345428109,3,0,0,0,0,Fish,NA,Monterey,0.42783333333333334,mn
bw10_244a,4859,14801,5,good,none,9,1988.4,262,4860,13666,0.48922222293913364,9,0,0,0,0,Krill,NA,SoCal,0.5523333333333333,bw
bw11_219a,0,11664,5,good,none,6,2332.8,283,224,10993,0.5982777792960405,5,0,0,0,0,Krill,NA,SoCal,0.648,bw
bw160728-36b,2982,25723,10,good,none,5,2274.1,52,2983,25724,0.6316944463178515,6,0,0,0,0,Krill,NA,Monterey,0.6316944444444444,bw
bp160614-3b,2996,25933,10,good,none,12,2293.7,21,2997,25934,0.6371388863772154,14,0,0,0,0,Krill,NA,Azores,0.6371388888888888,bp
bp15_235a,0,50640,20,good,none,15,2532,247,713,49617,0.6792222233489156,19,0,0,0,0,Krill,NA,SoCal,0.7033333333333334,bp
mn170810-41,2582,29101,10,good,none,4,2651.9,164,2583,29102,0.7366388887166977,6,0,0,0,0,Anchovies,11.76 m,SoCal,0.736638888888889,mn
bw10_265b,0,14297,5,good,none,13,2859.4,271,102,13563,0.7478333339095116,13,0,0,0,0,Krill,NA,SoCal,0.7942777777777777,bw
bw170816-23,1462,29424,10,good,none,17,2796.2,68,1463,29425,0.7767222225666046,21,0,0,0,0,Krill,23.35 m,Monterey,0.7767222222222222,bw
be180423-45,2765,31955,10,ok,none,5,2919,14,2766,31956,0.8108333330601454,7,0,0,0,0,Fish,NA,South Africa,0.8108333333333333,be
bw140722-2e,110308,140181,10,good,none,12,2987.3,36,110309,140182,0.8298124987632036,15,0,0,0,0,Krill,NA,Cordell Bank,0.8298055555555556,bw
bw140820-3b,49993,86532,10,good,none,17,3653.9,41,49994,86533,1.0149722239002585,17,0,0,0,0,Krill,NA,San Diego,1.0149722222222222,bw
bw160725-3,3391,40464,10,good,none,2,3707.3,49,3392,40465,1.0297777773812413,2,0,0,0,0,Krill,NA,Monterey,1.0298055555555556,bw
bw11_214a,6426,25787,5,good,none,24,3872.2,277,6425,25263,1.0465555535629392,23,0,0,0,0,Krill,NA,SoCal,1.075611111111111,bw
bw14_218b,0,104240,25,good,none,20,4169.6,307,366,97218,1.0761333340778947,16,0,0,0,0,Krill,NA,SoCal,1.1582222222222223,bw
bw11_215a,0,20243,5,good,none,20,4048.6,279,62,19773,1.0950555531308055,20,0,0,0,0,Krill,NA,SoCal,1.124611111111111,bw
bp160615-3c,6129,58454,10,good,none,2,5232.5,22,6130,58455,1.4534722231328487,2,0,0,0,0,Krill,NA,Azores,1.453472222222222,bp
mn151103-4,2336,55501,10,"partial (3,9,11,12)",none,40,5316.5,118,2337,55502,1.4768124986439943,66,0,0,0,0,Inverts,NA,South Africa,1.4768055555555555,mn
bw14_211a,0,152756,25,good,yes,6,6110.24,301,7597,147195,1.5510888872668147,7,0,0,0,0,Krill,NA,SoCal,1.6972888888888888,bw
mn140721-3,1812,60351,10,partial (3-6),none,21,5853.9,101,1813,60352,1.6260833339765668,29,0,0,0,0,NA,NA,Monterey,1.6260833333333333,mn
bw10_244b,0,30495,5,good,yes,30,6099,263,28,29507,1.6377222212031484,36,0,0,0,0,Krill,NA,SoCal,1.6941666666666668,bw
mn161105-36,10967,71025,10,good,none,40,6005.8,137,10968,71026,1.6682777786627412,40,0,0,0,0,Krill,NA,South Africa,1.6682777777777777,mn
bw11_264a,0,32878,5,good,none,29,6575.6,288,586,32140,1.7529999995604157,28,0,0,0,0,Krill,NA,SoCal,1.8265555555555555,bw
bw170815-42,23749,89619,10,good,none,29,6587,66,23750,89620,1.8297222219407558,32,0,0,0,0,Krill,22.21 m,Monterey,1.8297222222222222,bw
bw11_215b,0,51824,5,good,none,14,10364.8,280,1493,68974,1.8744722250849009,15,0,0,0,0,Krill,NA,SoCal,2.8791111111111105,bw
bw13_214c,0,174548,25,good,none,40,6981.92,298,474,171745,1.90301111061126,48,0,0,0,0,Krill,NA,SoCal,1.9394222222222224,bw
mn170322-30,7777,241696,10,good,none,241,23391.9,146,7778,241697,1.9252946991473436,12,3.7813968854025006,203,0.7910584174096584,29,Krill,NA,Antarctic,6.49775,mn
bw16_231a,0,180000,25,good,none,5,7200,314,572,177640,1.9674222227185965,5,0,0,0,0,Krill,NA,SoCal,2,bw
mn160725-36b,2728,78558,10,good,none,107,7583,131,2729,78559,2.106388888321817,107,0,0,0,0,Krill (Shallow),NA,Monterey,2.106388888888889,mn
mn151031-3,2291,81375,10,good,none,120,7908.4,115,2292,81376,2.196770832873881,120,0,0,0,0,Krill,NA,South Africa,2.1967777777777777,mn
bw12_217b,0,166942,20,good,none,16,8347.1,290,1,164068,2.278708334080875,19,0,0,0,0,Krill,NA,SoCal,2.318638888888889,bw
bw11_219b,0,42215,5,good,yes,25,8443,284,499,42072,2.309611109085381,25,0,0,0,0,Krill,NA,SoCal,2.345277777777778,bw
bw10_266a,0,44037,5,good,yes,15,8807.4,272,536,43288,2.3751111086457968,15,0,0,0,0,Krill,NA,SoCal,2.4465,bw
mn151011-6,2980,88869,10,good,none,13,8588.9,111,2981,88870,2.3858055537566543,13,0,0,0,0,Krill,NA,Monterey,2.3858055555555557,mn
mn170220-30,6772,95290,10,good,none,45,8851.8,144,6773,95291,2.458833334967494,45,0,0,0,0,Krill,NA,Antarctic,2.458833333333333,mn
mn170613-20,2416,91729,10,good,none,74,8931.3,149,2417,91730,2.480916665866971,75,0,0,0,0,SandLance,NA,Stellwagen,2.4809166666666664,mn
be180424-41,2937,93009,10,good,none,14,9007.2,15,2938,93010,2.501999999396503,15,0,0,0,0,NA,NA,South Africa,2.5020000000000002,be
bw11_220b,0,47863,5,good,yes,23,9572.6,286,902,47481,2.587722223252058,31,0,0,0,0,Krill,NA,SoCal,2.6590555555555557,bw
bw11_218a,0,49491,5,good,yes,8,9898.2,281,685,48101,2.634222222492099,8,0,0,0,0,Krill,NA,SoCal,2.7495,bw
bw170814-30,7677,110539,10,good,none,40,10286.2,59,7678,110540,2.8572777779772878,40,0,0,0,0,Krill,NA,Monterey,2.8572777777777776,bw
bw11_218b,0,91502,5,good,yes,55,18300.4,282,3440,90935,2.8852118672803044,66,1.5362399518489838,2,0.4393815128132701,1,Krill,NA,SoCal,5.083444444444445,bw
bp10_244a,0,52943,5,good,none,52,10588.6,229,127,52580,2.9140555523335934,52,0,0,0,0,Krill,NA,SoCal,2.9412777777777777,bp
bb180304-42,2942,110015,10,good,none,66,10707.3,5,2943,110016,2.97424999717623,66,0,0,0,0,Krill,8.04 m,Antarctic,2.9742499999999996,bb
bw170815-21,2984,110149,10,good,none,54,10716.5,64,2985,110150,2.9768055556342006,54,0,0,0,0,Krill,22.55 m,Monterey,2.9768055555555555,bw
mn170809-41,13704,125093,10,good,none,22,11138.9,157,13705,125094,3.0941388895735145,22,0,0,0,0,Anchovies,8.8 m,SoCal,3.094138888888889,mn
bp15_075a,0,285804,25,good,yes,80,11432.16,245,299,283080,3.142011109739542,93,0,0,0,0,Krill,NA,SoCal,3.1756,bp
mn170817-30,14950,130036,10,good,none,29,11508.6,168,14951,130037,3.1968333330005407,29,0,0,0,0,Fish,11.69 m,Monterey,3.196833333333333,mn
be180423-41,2822,117977,10,good,none,4,11515.5,12,2823,117978,3.1987500032410026,6,0,0,0,0,Fish,9.97 m,South Africa,3.19875,be
bw14_256a,0,494603,25,good,yes,8,19784.12,309,1489,471041,3.234802239574492,8,1.5637949975207448,0,0.4186472073197365,0,Krill,NA,SoCal,5.495588888888888,bw
mn151103-3,3990,121590,10,good,none,108,11760,117,3991,121591,3.266631946898997,112,0,0,0,0,Inverts,NA,South Africa,3.2666666666666666,mn
bw11_210a,0,64250,5,good,yes,73,12850,273,3040,62789,3.3193888887763023,90,0,0,0,0,Krill,NA,SoCal,3.569444444444444,bw
bw13_207a,23885,327760,25,good,none,72,12155,294,21328,325302,3.3774888860061765,72,0,0,0,0,Krill,NA,SoCal,3.376388888888889,bw
bw14_262b,0,321950,25,good,yes,26,12878,312,1348,321488,3.5571111096069217,34,0,0,0,0,Krill,NA,SoCal,3.5772222222222223,bw
bw13_214b,0,326218,25,good,none,17,13048.72,297,508,322295,3.575411109253764,21,0,0,0,0,Krill,NA,SoCal,3.6246444444444443,bw
mn161006-11,7033,136069,10,good,none,50,12903.6,136,7034,136070,3.5843333322554827,50,0,0,0,0,Sardines,NA,Monterey,3.5843333333333334,mn
bp160728-25,2989,132194,10,good,none,141,12920.5,24,2990,132195,3.5890277763828635,141,0,0,0,0,Krill,NA,Monterey,3.589027777777778,bp
bp10_236a,0,68055,5,partial (37-40),yes,8,13611,226,789,66778,3.6660555554553866,33,0,0,0,0,Krill,NA,SoCal,3.7808333333333333,bp
bp10_245a,0,66297,5,partial (0-16),yes,15,13259.4,230,32,66163,3.673944443464279,60,0,0,0,0,Krill,NA,SoCal,3.6831666666666663,bp
bp13_265a,0,337020,25,good,none,103,13480.8,243,293,336865,3.7396888872608542,101,0,0,0,0,Krill,NA,SoCal,3.7446666666666664,bp
bw14_213a,0,357966,25,good,none,56,14318.64,304,5267,350977,3.8412222219631076,55,0,0,0,0,Krill,NA,SoCal,3.9774,bw
bp15_236a,0,302377,20,"partial (0-21, 32, 33)",yes,51,15118.85,248,9353,302258,4.06812500115484,95,0,0,0,0,Krill,NA,SoCal,4.199680555555556,bp
bw170816-42,3000,151242,10,good,none,62,14824.2,71,3001,151243,4.117833335883915,62,0,0,0,0,Krill,24.43 m,Monterey,4.1178333333333335,bw
bp13_193a,0,138707,10,good,yes,42,13870.7,235,1996,152231,4.173194442875683,49,0,0,0,0,Krill,NA,SoCal,3.8529722222222222,bp
bw10_244c,35692,84070,5,good,yes,24,9675.6,264,4860,80949,4.227166668511927,27,0,0,0,0,Krill,NA,SoCal,2.687666666666667,bw
bw14_211b,0,382707,25,good,yes,60,15308.28,302,544,382120,4.23973333183676,63,0,0,0,0,Krill,NA,SoCal,4.2523,bw
bw11_211a,0,77902,5,good,yes,83,15580.4,275,52,77174,4.284555553458631,92,0,0,0,0,Krill,NA,SoCal,4.327888888888889,bw
bw140806-2,2985,160810,10,good,none,7,15782.5,37,2986,160811,4.384041666984558,10,0,0,0,0,Krill,NA,SoCal,4.384027777777778,bw
bw14_262a,0,400523,25,good,yes,68,16020.92,311,866,398120,4.413933333009481,78,0,0,0,0,Krill,NA,SoCal,4.450255555555556,bw
bw170816-27,2980,163247,10,good,none,87,16026.7,69,2981,163248,4.451861112378538,87,0,0,0,0,Krill,22.51 m,Monterey,4.4518611111111115,bw
bw10_246b,0,80902,5,good,yes,66,16180.4,267,213,80406,4.455166666768491,81,0,0,0,0,Krill,NA,SoCal,4.494555555555555,bw
bw170816-51,6879,167338,10,good,none,81,16045.9,73,6880,167339,4.457194444723427,84,0,0,0,0,Krill,22.93 m,Monterey,4.457194444444444,bw
bw10_246a,0,82888,5,good,yes,60,16577.6,266,289,81194,4.494722222909331,67,0,0,0,0,Krill,NA,SoCal,4.604888888888889,bw
bp10_236b,0,83042,5,partial (41-50),yes,10,16608.4,227,1030,82764,4.540777777321637,50,0,0,0,0,Krill,NA,SoCal,4.613444444444444,bp
bp13_216a,0,421572,25,good,yes,71,16862.88,236,1086,416777,4.6187888905406,86,0,0,0,0,Krill,NA,SoCal,4.6841333333333335,bp
mn170817-43,3000,170451,10,good,none,40,16745.1,169,3001,170452,4.651416666805744,40,0,0,0,0,Fish,11.97 m,Monterey,4.651416666666666,mn
be180423-42,17733,188384,10,good,none,40,17065.1,13,17734,188385,4.740305554121733,41,0,0,0,0,Fish,NA,South Africa,4.740305555555555,be
bw14_261a,0,431950,25,good,none,17,17278,310,258,428378,4.756888889707625,17,0,0,0,0,Krill,NA,SoCal,4.799444444444444,bw
bw13_217a,0,402337,25,good,yes,130,16093.48,299,15388,447063,4.7963888850063086,135,0,0,0,0,Krill,NA,SoCal,4.470411111111111,bw
bw13_191a,0,178371,10,good,yes,62,17837.1,292,3049,178183,4.864833335392177,80,0,0,0,0,Krill,NA,SoCal,4.95475,bw
bw13_193a,0,456980,25,good,yes,82,18279.2,293,11365,450877,4.883466666564345,107,0,0,0,0,Krill,NA,SoCal,5.0775555555555565,bw
mn151031-4,2883,180016,10,good,none,272,17713.3,116,2884,180017,4.920305555686355,272,0,0,0,0,Krill,NA,South Africa,4.92036111111111,mn
bw11_221a,0,89765,5,good,yes,65,17953,287,500,89256,4.9308888874948025,70,0,0,0,0,Krill,NA,SoCal,4.986944444444444,bw
bw10_243a,0,90624,5,good,yes,65,18124.8,260,139,89866,4.984833332709968,80,0,0,0,0,Krill,NA,SoCal,5.034666666666666,bw
mn170810-40,2505,185829,10,good,none,20,18332.4,163,2506,185830,5.092333333566785,20,0,0,0,0,Anchovies,7.07 m,SoCal,5.092333333333333,mn
bw10_235a,0,94805,5,good,yes,14,18961,252,1165,94672,5.194833333604038,14,0,0,0,0,Krill,NA,SoCal,5.266944444444444,bw
bw13_259a,0,481063,25,good_dives,yes,27,19242.52,300,3e3,476818,5.264644444920123,61,0,0,0,0,Krill,NA,SoCal,5.345144444444444,bw
bw10_245a,0,98240,5,good,yes,38,19648,265,2476,97725,5.291611108928919,53,0,0,0,0,Krill,NA,SoCal,5.457777777777777,bw
mn161117-10,1406,193105,10,good,none,17,19169.9,141,1407,193106,5.324972220696509,18,0,0,0,0,Fish (Mackeral?),12.71 m,Monterey,5.324972222222223,mn
bw10_265a,0,97487,5,good,yes,45,19497.4,270,35,96906,5.381722220219672,48,0,0,0,0,Krill,NA,SoCal,5.415944444444445,bw
bw11_220a,0,99365,5,good,yes,76,19873,285,5,97810,5.4336111126467586,81,0,0,0,0,Krill,NA,SoCal,5.520277777777777,bw
bp13_258b,0,495851,25,good,none,52,19834.04,240,3300,493671,5.448566668666899,41,0,0,0,0,Krill,NA,SoCal,5.509455555555556,bp
bw11_214b,0,100907,5,partial (0-10),yes,24,20181.4,278,1556,100658,5.505666665732861,97,0,0,0,0,Krill,NA,SoCal,5.605944444444445,bw
bw14_217a,64733,561236,25,good,none,63,19860.12,305,64735,560731,5.511066664941609,63,0,0,0,0,Krill,NA,SoCal,5.5167,bw
bp15_229a,0,506809,25,good,yes,120,20272.36,246,2575,504289,5.574599999003112,134,0,0,0,0,Krill,NA,SoCal,5.631211111111112,bp
mn160419-8,15303,219495,10,good,none,181,20419.2,123,15304,219496,5.672000002115965,181,0,0,0,0,Krill,NA,Monterey,5.672,mn
bp10_239a,0,103754,5,good,yes,64,20750.8,228,913,103730,5.712055555544794,69,0,0,0,0,Krill,NA,SoCal,5.76411111111111,bp
be180418-42,2967,509445,10,good,none,38,50647.8,11,2968,509446,5.765943001024425,0,7.88442041259259,36,0.41846991889178753,2,Fish,NA,South Africa,14.068833333333334,be
bw11_213b,0,105635,5,good,yes,93,21127,276,69,105064,5.833055558614433,107,0,0,0,0,Krill,NA,SoCal,5.868611111111111,bw
bw170816-44,3000,345486,10,good,none,229,34248.6,72,3001,345487,6.043546697124839,141,3.0188449127599597,75,0.45110838767141104,14,Krill,21.77 m,Monterey,9.513499999999999,bw
mn170410-20,4704,405641,10,good,none,191,40093.7,148,4705,405642,6.327647108584642,0,4.373173118568957,191,0.43631866201758385,0,Krill (Shallow),NA,Monterey,11.137138888888888,mn
bw170813-42,3001,231820,10,good,none,147,22881.9,57,3002,231821,6.356083335354924,147,0,0,0,0,Krill,NA,Monterey,6.356083333333333,bw
bw10_230a,0,118341,5,good,none,83,23668.2,251,2304,117537,6.4018333330750465,83,0,0,0,0,Krill,NA,SoCal,6.5745000000000005,bw
bw14_218a,0,596768,25,good,yes,44,23870.72,306,2541,591838,6.547744441777468,42,0,0,0,0,Krill,NA,SoCal,6.630755555555556,bw
bb180305-42b,2962,603877,10,good dives,none,799,60091.5,8,2963,603878,6.632447082549334,153,8.312974138185382,645,1.7466621128842235,1,Krill,NA,Antarctic,16.692083333333333,bb
bp13_258a,0,212894,10,good dives,none,0,21289.4,239,717,239564,6.634638888761401,23,0,0,0,0,Krill,NA,SoCal,5.913722222222223,bp
be180427-42,1944,728943,10,good,none,25,72699.9,16,1945,728944,7.049309556372464,25,12.288887014612556,0,0.8562200982123613,0,Fish,14.1 m,South Africa,20.194416666666665,be
bw13_211a,0,132554,5,good,none,93,26510.8,295,4776,132085,7.072722220793366,93,0,0,0,0,Krill,NA,SoCal,7.364111111111111,bw
be180414-42,9638,269909,10,good,none,35,26027.1,10,9639,269910,7.229749999009073,35,0,0,0,0,Fish,NA,South Africa,7.229749999999999,be
bw150823-6,13660,673300,10,good,none,62,65964,44,13661,673301,7.478238542564213,63,9.995244509540498,0,0.8498502820730209,2,Krill,NA,SoCal,18.323333333333334,bw
bw10_239b,0,140922,5,good,yes,63,28184.4,256,2623,140339,7.650888889096677,65,0,0,0,0,Krill,NA,SoCal,7.829,bw
bw170814-50,2972,281523,10,good,none,158,27855.1,62,2973,281524,7.737527777440846,160,0,0,0,0,Krill,22.75 m,Monterey,7.737527777777777,bw
bp160609-36,5989,286483,10,good,none,6,28049.4,20,5990,286484,7.791500000283122,9,0,0,0,0,Krill,NA,Azores,7.7915,bp
bw170815-43,3000,668402,10,good,none,214,66540.2,67,3001,668403,8.037994916550815,153,9.54017895553261,50,0.9052150156348944,11,Krill,21.98 m,Monterey,18.48338888888889,bw
bw170619-36,2985,449453,10,good,none,213,44646.8,53,2986,449454,8.242360808886588,125,3.671074753627181,75,0.4884533230215311,13,Krill,NA,SoCal,12.40188888888889,bw
bw14_251a,0,766849,25,good,none,103,30673.96,308,15406,765240,8.331488890573382,102,0,0,0,0,Krill,NA,SoCal,8.520544444444445,bw
bw160727-10,5405,306954,10,good,none,210,30154.9,51,5406,306955,8.376361110247672,213,0,0,0,0,Krill,NA,Monterey,8.376361111111112,bw
bb180228-42,2953,648714,10,good,none,1380,64576.1,3,2954,648715,8.450054506771266,199,7.6657200967893,1107,1.8200365081429482,74,Krill,NA,Antarctic,17.937805555555553,bb
bw10_243b,0,152903,5,good,yes,130,30580.6,261,331,152901,8.476111111231148,142,0,0,0,0,Krill,NA,SoCal,8.49461111111111,bw
bw10_241a,0,153288,5,good,none,120,30657.6,259,41,152949,8.49488889053464,122,0,0,0,0,Krill,NA,SoCal,8.516,bw
mn161107-36b,2975,311711,10,good,none,97,30873.6,140,2976,311712,8.576000000350177,97,0,0,0,0,Krill,NA,South Africa,8.575999999999999,mn
mn160727-11,13071,325207,10,good,none,232,31213.6,132,13072,325208,8.670444443821907,233,0,0,0,0,Krill,NA,Monterey,8.670444444444446,mn
bw10_229b,0,158515,5,good,none,138,31703,250,345,158311,8.775888889096677,138,0,0,0,0,Krill,NA,SoCal,8.806388888888888,bw
bw170816-41,3000,549185,10,good,none,275,54618.5,70,3001,549186,8.932152254506946,200,5.788544911891222,63,0.45110838767141104,13,Krill,24.12 m,Monterey,15.171805555555554,bw
bp12_217a,15063,362702,5,good,yes,240,69527.8,232,15064,361724,8.944656310603023,230,9.432176820002496,11,0.8820557584986091,19,Krill,NA,SoCal,19.313277777777778,bp
mn170703-40,2990,377475,10,"partial (0-23, 29, 37-40)",none,154,37448.5,151,2991,377476,9.02603024058044,154,0.8638038681820035,0,0.5125270038843155,0,Krill,10.1 m,Monterey,10.40236111111111,mn
mn151103-7,2980,399858,10,"partial (0-10, 24-135)",none,376,39687.8,119,2981,399859,9.146820830181241,331,1.4350912626832724,87,0.44247679598629475,35,Inverts,NA,South Africa,11.02438888888889,mn
mn170815-10,2875,353007,10,good,none,53,35013.2,166,2876,353008,9.324818364344537,31,0,0,0.401070524007082,22,Krill,12.21 m,Monterey,9.725888888888887,mn
bw170813-41,2996,574100,10,good,none,395,57110.4,56,2997,574101,9.574412662535906,238,5.833532301709056,144,0.45605503767728806,13,Krill,NA,Monterey,15.864,bw
mn170218-31,2916,633720,10,good,none,534,63080.4,143,2917,633721,10.280790257267654,20,6.220166637562215,474,1.021376439370215,41,Krill (Shallow),NA,Antarctic,17.522333333333332,mn
mn160429-37,3930,387888,10,good,none,108,38395.8,126,3931,387889,10.665500001981854,108,0,0,0,0,Krill,NA,Monterey,10.665500000000002,mn
mn170817-50,1751,518947,10,good,none,94,51719.6,170,1752,518948,12.104692300781608,75,1.812267841771245,19,0.44959541503340006,0,Fish,13.13 m,Monterey,14.366555555555555,mn
bw170814-51,1959,775604,10,good,none,294,77364.5,63,1960,775605,12.123054580762982,279,8.901601393707097,0,0.46548291575163603,15,Krill,20.70 m,Monterey,21.49013888888889,bw
bw16_264b,0,2420000,25,good,yes,61,96800,315,2164,2425704,12.16602671239525,0,13.931479660794139,73,0.8307158499956131,0,Krill,NA,SoCal,26.88888888888889,bw
bw14_212a,0,2380878,25,good,none,143,95235.12,303,251444,2375799,13.405426304787397,73,9.305217032320797,58,0.8933011069893837,3,Krill,NA,SoCal,26.4542,bw
mn170912-43,2900,970756,10,good,none,391,96785.6,174,2901,970757,16.314032854512334,123,8.801910728216171,229,1.768384194932878,39,Krill,NA,Greenland,26.88488888888889,mn
mn170912-42,2616,1164566,10,partial (0-213),none,176,116195,173,2617,1164567,16.467801849357784,67,13.162360075861216,238,2.6464658500626683,50,Krill or Larva,NA,Greenland,32.27638888888889,mn
bw170815-28,2990,1015366,10,good,none,366,101237.6,65,2991,1015367,17.67616158351302,221,9.54017895553261,136,0.9052150156348944,12,Krill,21.09 m,Monterey,28.12155555555556,bw
bb180304-45,2963,1003584,10,good,none,908,100062.1,6,2964,1003585,17.81850707810372,692,8.24406266771257,214,1.7324580308049917,8,Krill,8.60 m,Antarctic,27.79502777777778,bb
bp170907-41b,2976,1035770,10,good,none,532,103279.4,25,2977,1035771,18.66425976343453,432,8.235635284334421,46,1.7888271734118462,56,Krill,18.47 m,Greenland,28.68872222222222,bp
bb180304-40,2237,1106105,10,good dives,none,1079,110386.8,4,2238,1106106,19.50720381550491,545,8.557374808005989,437,2.5979324905201793,97,Krill,NA,Antarctic,30.663,bb
bb180227-45,4766,1074180,10,good,none,1911,106941.4,2,4767,1074181,20.14174305740744,570,7.541546126827598,1326,2.0220385948196054,17,Krill,NA,Antarctic,29.705944444444444,bb
bw170814-40,2981,1104402,10,good,none,695,110142.1,61,2982,1104403,20.1831689234823,470,9.503949355334044,217,0.9079095013439655,12,Krill,22.53 m,Monterey,30.59502777777778,bw
mn170908-44,2633,1258871,10,good,none,342,125623.8,172,2634,1258872,20.815033245831728,105,11.404342853464186,149,2.67612390127033,44,Krill (Shallow),14.74 m,Greenland,34.8955,mn
bw10_240b,0,618608,5,good,yes,165,123721.6,258,596,617708,23.26584532018751,188,10.17457269039005,0,0.8435819875448942,1,Krill,NA,SoCal,34.36711111111111,bw
bw170813-44,2972,1351083,10,good,none,380,134811.1,58,2973,1351084,24.67584236059338,263,11.40674902126193,96,1.364936395548284,24,Krill,22.59 m,Monterey,37.44752777777778,bw
mn160113-11,4656,1069899,10,good,none,988,106524.3,121,4657,1069900,25.737919279374182,768,0,0,3.8521640533581376,222,Krill (Bubble),NA,Antarctic,29.590083333333332,mn
ba-130213,34060,706260,10,ok,none,2016,67220,NA,NA,NA,NA,NA,NA,NA,NA,NA,NA,NA,NA,18.67222222222222,ba
ba-130215,122965,370862,10,ok,none,608,24789.7,NA,NA,NA,NA,NA,NA,NA,NA,NA,NA,NA,NA,6.8860277777777785,ba
bp16_256a,0,342000,25,good,yes,86,13680,NA,NA,NA,NA,NA,NA,NA,NA,NA,NA,NA,NA,3.8,bp
bp160912,3000,2776935,10,good,yes,919,277393.5,NA,NA,NA,NA,NA,NA,NA,NA,NA,NA,NA,NA,77.05375000000001,bp
bp160914,533,3670428,10,good,none,965,366989.5,NA,NA,NA,NA,NA,NA,NA,NA,NA,NA,NA,NA,101.94152777777778,bp
bw15_076a,0,285026,25,good,none,2,11401.04,NA,NA,NA,NA,NA,NA,NA,NA,NA,NA,NA,NA,3.1669555555555555,bw
bw15_232a,0,178759,25,good,none,40,7150.36,NA,NA,NA,NA,NA,NA,NA,NA,NA,NA,NA,NA,1.986211111111111,bw
bw16_231b,0,426000,25,good,yes,51,17040,NA,NA,NA,NA,NA,NA,NA,NA,NA,NA,NA,NA,4.733333333333333,bw
bw160523,58694,3574475,10,good_dives,none,735,351578.1,NA,NA,NA,NA,NA,NA,NA,NA,NA,NA,NA,NA,97.66058333333332,bw
bw160716,20633,3352288,10,good,none,1607,333165.5,NA,NA,NA,NA,NA,NA,NA,NA,NA,NA,NA,NA,92.54597222222222,bw
bw160717,15999,3707600,10,good,none,779,369160.1,NA,NA,NA,NA,NA,NA,NA,NA,NA,NA,NA,NA,102.54447222222221,bw
bw160815,22105,122858,10,good,none,46,10075.3,NA,NA,NA,NA,NA,NA,NA,NA,NA,NA,NA,NA,2.798694444444444,bw
bw160817,50786,1700707,10,good,yes,403,164992.1,NA,NA,NA,NA,NA,NA,NA,NA,NA,NA,NA,NA,45.83113888888889,bw
bw160918a,4513,3560148,10,good,yes,1746,355563.5,NA,NA,NA,NA,NA,NA,NA,NA,NA,NA,NA,NA,98.7676388888889,bw
mn09_122b,0,339999,5,good_dives (7-102),none,169,67999.8,NA,NA,NA,NA,NA,NA,NA,NA,NA,NA,NA,NA,18.888833333333334,mn
mn09_152a,0,402550,5,good_dives,none,551,80510,NA,NA,NA,NA,NA,NA,NA,NA,NA,NA,NA,NA,22.363888888888887,mn
mn10_133a,0,410000,5,good,none,398,82e3,NA,NA,NA,NA,NA,NA,NA,NA,NA,NA,NA,NA,22.77777777777778,mn
mn10_139a,0,373100,5,good,none,854,74620,NA,NA,NA,NA,NA,NA,NA,NA,NA,NA,NA,NA,20.727777777777778,mn
mn10_144a,0,360000,5,good,none,1281,72e3,NA,NA,NA,NA,NA,NA,NA,NA,NA,NA,NA,NA,20,mn
mn10_151a,0,449780,5,good,none,574,89956,NA,NA,NA,NA,NA,NA,NA,NA,NA,NA,NA,NA,24.987777777777776,mn
mn10_155a,0,435000,5,ok,none,409,87e3,NA,NA,NA,NA,NA,NA,NA,NA,NA,NA,NA,NA,24.166666666666668,mn
mn12_262a,0,104280,5,good,none,303,20856,NA,NA,NA,NA,NA,NA,NA,NA,NA,NA,NA,NA,5.793333333333334,mn
mn12_262b,0,117180,5,good,none,356,23436,NA,NA,NA,NA,NA,NA,NA,NA,NA,NA,NA,NA,6.510000000000001,mn
mn12_263a,0,51670,5,good,none,159,10334,NA,NA,NA,NA,NA,NA,NA,NA,NA,NA,NA,NA,2.8705555555555553,mn
mn12_264a,0,40660,5,good,none,94,8132,NA,NA,NA,NA,NA,NA,NA,NA,NA,NA,NA,NA,2.258888888888889,mn
mn12_264b,0,60270,5,good,none,150,12054,NA,NA,NA,NA,NA,NA,NA,NA,NA,NA,NA,NA,3.3483333333333336,mn
mn12_265a,0,73517,5,good,none,184,14703.4,NA,NA,NA,NA,NA,NA,NA,NA,NA,NA,NA,NA,4.0842777777777775,mn
mn12_289a,0,50450,5,good,yes,22,10090,NA,NA,NA,NA,NA,NA,NA,NA,NA,NA,NA,NA,2.8027777777777776,mn
mn12_289b,0,50450,5,good,yes,20,10090,NA,NA,NA,NA,NA,NA,NA,NA,NA,NA,NA,NA,2.8027777777777776,mn
mn13_109a,0,166880,5,ok,none,47,33376,NA,NA,NA,NA,NA,NA,NA,NA,NA,NA,NA,NA,9.27111111111111,mn
mn13_110a,0,184620,5,good,none,188,36924,NA,NA,NA,NA,NA,NA,NA,NA,NA,NA,NA,NA,10.256666666666666,mn
mn13_111a,0,179300,5,good,none,64,35860,NA,NA,NA,NA,NA,NA,NA,NA,NA,NA,NA,NA,9.96111111111111,mn
mn13_112a,0,155550,5,good,none,55,31110,NA,NA,NA,NA,NA,NA,NA,NA,NA,NA,NA,NA,8.641666666666667,mn
mn13_113a,0,58285,5,good,none,25,11657,NA,NA,NA,NA,NA,NA,NA,NA,NA,NA,NA,NA,3.2380555555555555,mn
mn13_113d,0,86250,5,good,none,16,17250,NA,NA,NA,NA,NA,NA,NA,NA,NA,NA,NA,NA,4.791666666666667,mn
mn161106-36,9834,336796,10,good,none,298,32696.2,NA,NA,NA,NA,NA,NA,NA,NA,NA,NA,NA,NA,9.08227777777778,mn
